{
  "project_info": {
    "project_number": "926643244973",
    "firebase_url": "https://driverapp-master-bb0a8.firebaseio.com",
    "project_id": "driverapp-master-bb0a8",
    "storage_bucket": "driverapp-master-bb0a8.appspot.com"
  },
  "client": [
    {
      "client_info": {
        "mobilesdk_app_id": "1:926643244973:android:ba86b41e8ff660d0",
        "android_client_info": {
          "package_name": "com.spartons.driverapp"
        }
      },
      "oauth_client": [
        {
          "client_id": "926643244973-rpc0pm41ndrd277umjtmintdur96qlgc.apps.googleusercontent.com",
          "client_type": 1,
          "android_info": {
            "package_name": "com.spartons.driverapp",
            "certificate_hash": "97cbb160f0c40a13a0feb55435c2ce4376e3e689"
          }
        },
        {
          "client_id": "926643244973-0f74oms6j28fv25pafofju1vqrlc0jc9.apps.googleusercontent.com",
          "client_type": 3
        }
      ],
      "api_key": [
        {
          "current_key": "AIzaSyCBiTX5VG7i51wTVCbcCRd22VJxxaMC9sw"
        }
      ],
      "services": {
        "analytics_service": {
          "status": 1
        },
        "appinvite_service": {
          "status": 2,
          "other_platform_oauth_client": [
            {
              "client_id": "926643244973-0f74oms6j28fv25pafofju1vqrlc0jc9.apps.googleusercontent.com",
              "client_type": 3
            },
            {
              "client_id": "926643244973-qtcquhjmhlglnv2ndfdsg4r2e59pbqig.apps.googleusercontent.com",
              "client_type": 2,
              "ios_info": {
                "bundle_id": "com.uma.ChauffeurX-Passenger"
              }
            }
          ]
        },
        "ads_service": {
          "status": 2
        }
      }
    },
    {
      "client_info": {
        "mobilesdk_app_id": "1:926643244973:android:4f435c4dbf161a87",
        "android_client_info": {
          "package_name": "com.spartons.passengerapp"
        }
      },
      "oauth_client": [
        {
          "client_id": "926643244973-dvc06h0jbh204s3slfm0pftpi5tb1gu2.apps.googleusercontent.com",
          "client_type": 1,
          "android_info": {
            "package_name": "com.spartons.passengerapp",
            "certificate_hash": "97cbb160f0c40a13a0feb55435c2ce4376e3e689"
          }
        },
        {
          "client_id": "926643244973-0f74oms6j28fv25pafofju1vqrlc0jc9.apps.googleusercontent.com",
          "client_type": 3
        }
      ],
      "api_key": [
        {
          "current_key": "AIzaSyCBiTX5VG7i51wTVCbcCRd22VJxxaMC9sw"
        }
      ],
      "services": {
        "analytics_service": {
          "status": 1
        },
        "appinvite_service": {
          "status": 2,
          "other_platform_oauth_client": [
            {
              "client_id": "926643244973-0f74oms6j28fv25pafofju1vqrlc0jc9.apps.googleusercontent.com",
              "client_type": 3
            },
            {
              "client_id": "926643244973-qtcquhjmhlglnv2ndfdsg4r2e59pbqig.apps.googleusercontent.com",
              "client_type": 2,
              "ios_info": {
                "bundle_id": "com.uma.ChauffeurX-Passenger"
              }
            }
          ]
        },
        "ads_service": {
          "status": 2
        }
      }
    }
  ],
  "configuration_version": "1"
}